{"cameraMode":{"drawMode":0,"name":"Shaded","section":"Shading Mode"},"sceneLighting":false,"audioPlay":false,"sceneViewState":{"m_AlwaysRefresh":false,"showFog":true,"showSkybox":true,"showFlares":true,"showImageEffects":true,"showParticleSystems":true,"showVisualEffectGraphs":true,"m_FxEnabled":true},"in2DMode":false,"pivot":{"x":40.925140380859378,"y":0.48467522859573367,"z":32.88241195678711},"rotation":{"x":-0.006088028196245432,"y":0.9937132596969605,"z":-0.0884842500090599,"w":-0.0683761015534401},"size":1.0626921653747559,"orthographic":false}