{"cameraMode":{"drawMode":0,"name":"Shaded","section":"Shading Mode"},"sceneLighting":false,"audioPlay":false,"sceneViewState":{"m_AlwaysRefresh":false,"showFog":true,"showSkybox":false,"showFlares":true,"showImageEffects":true,"showParticleSystems":true,"showVisualEffectGraphs":true,"m_FxEnabled":true},"in2DMode":false,"pivot":{"x":-1.7881393432617188e-7,"y":0.5453693866729736,"z":-0.004401504993438721},"rotation":{"x":0.01384523045271635,"y":0.9861047863960266,"z":-0.12221650779247284,"w":0.11170677840709686},"size":0.6545554995536804,"orthographic":false}