{"cameraMode":{"drawMode":0,"name":"Shaded","section":"Shading Mode"},"sceneLighting":false,"audioPlay":false,"sceneViewState":{"m_AlwaysRefresh":false,"showFog":true,"showSkybox":false,"showFlares":true,"showImageEffects":true,"showParticleSystems":true,"showVisualEffectGraphs":true,"m_FxEnabled":true},"in2DMode":false,"pivot":{"x":0.2825111448764801,"y":0.3688778877258301,"z":-0.8283203840255737},"rotation":{"x":0.01384523045271635,"y":0.9861047863960266,"z":-0.12221650779247284,"w":0.11170677840709686},"size":0.8432591557502747,"orthographic":false}